epoch,time,train/giou_loss,train/cls_loss,train/l1_loss,metrics/precision(B),metrics/recall(B),metrics/mAP50(B),metrics/mAP50-95(B),val/giou_loss,val/cls_loss,val/l1_loss,lr/pg0,lr/pg1,lr/pg2,lr/pg3,lr/pg4,lr/pg5,lr/pg6,lr/pg7
1,72.5087,1.5718,3.78211,0.84993,0.20695,0.06105,0.03158,0.01782,1.30931,0.77127,0.73777,0.00995074,0.00331691,0.00995074,0.00331691,0.00995074,0.00331691,0.00995074,0.00331691
2,137.812,0.80274,0.86622,0.30713,0.23533,0.24909,0.13771,0.07239,0.7402,0.83951,0.31846,0.0199497,0.00664991,0.0199497,0.00664991,0.0199497,0.00664991,0.0199497,0.00664991
3,201.599,0.8443,0.74249,0.29074,0.15428,0.23399,0.12323,0.05479,0.85375,0.77827,0.37292,0.0299447,0.00998156,0.0299447,0.00998156,0.0299447,0.00998156,0.0299447,0.00998156
4,265.567,0.85228,0.71223,0.29514,0.21538,0.19935,0.13611,0.06299,0.83963,0.87125,0.3781,0.0299864,0.00999546,0.0299864,0.00999546,0.0299864,0.00999546,0.0299864,0.00999546
5,329.395,0.8469,0.70325,0.28522,0.24574,0.25603,0.16429,0.07274,0.82847,0.72739,0.35171,0.0299758,0.00999193,0.0299758,0.00999193,0.0299758,0.00999193,0.0299758,0.00999193
6,393.217,0.83177,0.6825,0.27988,0.23693,0.2609,0.16029,0.07761,0.79822,0.72236,0.31511,0.0299622,0.00998739,0.0299622,0.00998739,0.0299622,0.00998739,0.0299622,0.00998739
7,457.031,0.80015,0.6991,0.26515,0.24919,0.23184,0.15991,0.06866,0.87656,0.68272,0.33739,0.0299455,0.00998184,0.0299455,0.00998184,0.0299455,0.00998184,0.0299455,0.00998184
8,521.288,0.79829,0.68506,0.26372,0.22454,0.30601,0.18278,0.0878,0.71999,0.79593,0.29749,0.0299259,0.00997529,0.0299259,0.00997529,0.0299259,0.00997529,0.0299259,0.00997529
9,585.528,0.80833,0.67613,0.26387,0.2713,0.31365,0.21071,0.10486,0.69935,0.77937,0.29428,0.0299032,0.00996773,0.0299032,0.00996773,0.0299032,0.00996773,0.0299032,0.00996773
10,649.779,0.78952,0.66941,0.2566,0.26443,0.32875,0.21018,0.10559,0.66722,0.76862,0.27414,0.0298775,0.00995918,0.0298775,0.00995918,0.0298775,0.00995918,0.0298775,0.00995918
11,714.281,0.76175,0.68833,0.24885,0.28106,0.31532,0.23041,0.11728,0.67251,0.73573,0.28269,0.0298488,0.00994962,0.0298488,0.00994962,0.0298488,0.00994962,0.0298488,0.00994962
12,778.403,0.75332,0.67588,0.24937,0.28836,0.30245,0.21454,0.10504,0.71849,0.73158,0.29751,0.0298172,0.00993906,0.0298172,0.00993906,0.0298172,0.00993906,0.0298172,0.00993906
13,841.982,0.76905,0.67072,0.24916,0.27763,0.32221,0.21664,0.10804,0.73632,0.71281,0.29802,0.0297825,0.0099275,0.0297825,0.0099275,0.0297825,0.0099275,0.0297825,0.0099275
14,905.769,0.75397,0.66142,0.24609,0.29121,0.29695,0.22602,0.11415,0.69846,0.74555,0.29724,0.0297449,0.00991495,0.0297449,0.00991495,0.0297449,0.00991495,0.0297449,0.00991495
15,969.773,0.73787,0.67686,0.23724,0.26407,0.32211,0.22709,0.11969,0.67305,0.73207,0.28134,0.0297042,0.00990141,0.0297042,0.00990141,0.0297042,0.00990141,0.0297042,0.00990141
16,1034.01,0.75539,0.66207,0.24305,0.25335,0.29005,0.19192,0.09964,0.71409,0.77417,0.3139,0.0296606,0.00988688,0.0296606,0.00988688,0.0296606,0.00988688,0.0296606,0.00988688
17,1098.05,0.75274,0.6539,0.24176,0.29346,0.31878,0.22743,0.11674,0.67819,0.73404,0.29065,0.0296141,0.00987136,0.0296141,0.00987136,0.0296141,0.00987136,0.0296141,0.00987136
18,1161.86,0.73928,0.65714,0.23732,0.30756,0.32698,0.24227,0.12788,0.68474,0.72159,0.28997,0.0295646,0.00985486,0.0295646,0.00985486,0.0295646,0.00985486,0.0295646,0.00985486
19,1225.9,0.74144,0.65257,0.23846,0.31241,0.32078,0.23252,0.11371,0.72225,0.70412,0.29503,0.0295121,0.00983738,0.0295121,0.00983738,0.0295121,0.00983738,0.0295121,0.00983738
20,1290.31,0.74765,0.64775,0.23679,0.27952,0.3228,0.22426,0.11267,0.69411,0.74429,0.29153,0.0294568,0.00981892,0.0294568,0.00981892,0.0294568,0.00981892,0.0294568,0.00981892
21,1354.35,0.74012,0.63726,0.23167,0.28969,0.32064,0.23956,0.12513,0.67391,0.738,0.28568,0.0293985,0.00979949,0.0293985,0.00979949,0.0293985,0.00979949,0.0293985,0.00979949
22,1418.83,0.73688,0.64275,0.23212,0.32916,0.30031,0.23725,0.12316,0.68311,0.72676,0.28764,0.0293373,0.00977909,0.0293373,0.00977909,0.0293373,0.00977909,0.0293373,0.00977909
23,1482.74,0.72721,0.64364,0.22924,0.35032,0.32841,0.25496,0.13549,0.67216,0.70423,0.28542,0.0292732,0.00975773,0.0292732,0.00975773,0.0292732,0.00975773,0.0292732,0.00975773
24,1546.6,0.74484,0.63883,0.23425,0.26587,0.33801,0.23797,0.12359,0.68583,0.73775,0.28564,0.0292062,0.00973541,0.0292062,0.00973541,0.0292062,0.00973541,0.0292062,0.00973541
25,1610.97,0.73005,0.63956,0.22975,0.31026,0.3243,0.24492,0.12947,0.67305,0.73558,0.28611,0.0291364,0.00971213,0.0291364,0.00971213,0.0291364,0.00971213,0.0291364,0.00971213
26,1674.71,0.7402,0.63275,0.22988,0.30279,0.31812,0.23352,0.12272,0.69021,0.7082,0.29805,0.0290637,0.0096879,0.0290637,0.0096879,0.0290637,0.0096879,0.0290637,0.0096879
27,1738.48,0.73273,0.63293,0.23029,0.34557,0.29253,0.24781,0.12978,0.67026,0.72748,0.28645,0.0289882,0.00966273,0.0289882,0.00966273,0.0289882,0.00966273,0.0289882,0.00966273
28,1802.11,0.72993,0.62395,0.22671,0.28856,0.33813,0.23891,0.12699,0.68411,0.70181,0.29994,0.0289098,0.00963661,0.0289098,0.00963661,0.0289098,0.00963661,0.0289098,0.00963661
29,1865.51,0.71276,0.63331,0.22576,0.36291,0.30895,0.2591,0.13524,0.6972,0.67166,0.29766,0.0288287,0.00960956,0.0288287,0.00960956,0.0288287,0.00960956,0.0288287,0.00960956
30,1928.92,0.70782,0.63215,0.22277,0.30431,0.32912,0.245,0.12913,0.67873,0.69747,0.29342,0.0287447,0.00958158,0.0287447,0.00958158,0.0287447,0.00958158,0.0287447,0.00958158
31,1992.21,0.71388,0.6215,0.22308,0.32518,0.30859,0.2568,0.13597,0.66955,0.7112,0.29085,0.028658,0.00955268,0.028658,0.00955268,0.028658,0.00955268,0.028658,0.00955268
32,2055.82,0.7029,0.62509,0.22166,0.30476,0.31394,0.244,0.12555,0.69352,0.7012,0.30146,0.0285686,0.00952286,0.0285686,0.00952286,0.0285686,0.00952286,0.0285686,0.00952286
33,2119.36,0.6886,0.62828,0.21826,0.30971,0.33789,0.25242,0.13085,0.68575,0.70963,0.29121,0.0284764,0.00949212,0.0284764,0.00949212,0.0284764,0.00949212,0.0284764,0.00949212
34,2183.4,0.70712,0.62796,0.22518,0.31643,0.34054,0.25847,0.13444,0.68221,0.69844,0.29551,0.0283814,0.00946048,0.0283814,0.00946048,0.0283814,0.00946048,0.0283814,0.00946048
35,2247.38,0.71756,0.61651,0.22047,0.31694,0.3278,0.24607,0.13205,0.65602,0.72327,0.2886,0.0282838,0.00942794,0.0282838,0.00942794,0.0282838,0.00942794,0.0282838,0.00942794
36,2312.01,0.70091,0.62464,0.21836,0.32846,0.32499,0.23938,0.12525,0.69337,0.73384,0.30108,0.0281835,0.00939451,0.0281835,0.00939451,0.0281835,0.00939451,0.0281835,0.00939451
37,2376.43,0.71239,0.61045,0.21829,0.31689,0.31935,0.24664,0.13421,0.68917,0.69011,0.29654,0.0280806,0.00936019,0.0280806,0.00936019,0.0280806,0.00936019,0.0280806,0.00936019
38,2440.46,0.69073,0.62024,0.21601,0.36604,0.31418,0.25372,0.13421,0.68713,0.71024,0.30372,0.027975,0.009325,0.027975,0.009325,0.027975,0.009325,0.027975,0.009325
39,2504.27,0.69866,0.61066,0.213,0.33434,0.30913,0.24775,0.12695,0.69496,0.71174,0.29736,0.0278668,0.00928893,0.0278668,0.00928893,0.0278668,0.00928893,0.0278668,0.00928893
40,2568.2,0.6909,0.61163,0.21362,0.32398,0.31135,0.24498,0.12713,0.67725,0.69703,0.29344,0.027756,0.00925199,0.027756,0.00925199,0.027756,0.00925199,0.027756,0.00925199
41,2632.38,0.71962,0.60451,0.21808,0.31386,0.33204,0.24065,0.12423,0.69274,0.70537,0.2986,0.0276426,0.0092142,0.0276426,0.0092142,0.0276426,0.0092142,0.0276426,0.0092142
42,2696.62,0.68243,0.6125,0.20994,0.33202,0.31719,0.24796,0.13334,0.68851,0.69202,0.29925,0.0275267,0.00917557,0.0275267,0.00917557,0.0275267,0.00917557,0.0275267,0.00917557
43,2760.31,0.71356,0.60327,0.21363,0.3098,0.33294,0.2516,0.13525,0.68107,0.68445,0.29351,0.0274083,0.00913609,0.0274083,0.00913609,0.0274083,0.00913609,0.0274083,0.00913609
44,2824.45,0.67066,0.61297,0.20615,0.34276,0.33628,0.26303,0.14045,0.65662,0.69375,0.29281,0.0272873,0.00909577,0.0272873,0.00909577,0.0272873,0.00909577,0.0272873,0.00909577
45,2888.6,0.67645,0.6124,0.20593,0.32246,0.35051,0.2559,0.13517,0.68128,0.68573,0.29588,0.0271639,0.00905463,0.0271639,0.00905463,0.0271639,0.00905463,0.0271639,0.00905463
46,2952.59,0.67112,0.60851,0.204,0.34907,0.3227,0.25037,0.13167,0.68089,0.7144,0.29904,0.027038,0.00901268,0.027038,0.00901268,0.027038,0.00901268,0.027038,0.00901268
47,3016.47,0.67285,0.60048,0.20362,0.35018,0.34084,0.26181,0.13914,0.67627,0.69085,0.2975,0.0269097,0.00896992,0.0269097,0.00896992,0.0269097,0.00896992,0.0269097,0.00896992
48,3080.31,0.66095,0.60789,0.20717,0.33638,0.34736,0.2682,0.14531,0.66891,0.68428,0.29198,0.0267791,0.00892635,0.0267791,0.00892635,0.0267791,0.00892635,0.0267791,0.00892635
49,3144.48,0.67307,0.59434,0.20435,0.33662,0.30968,0.24734,0.12681,0.71018,0.69876,0.31224,0.026646,0.008882,0.026646,0.008882,0.026646,0.008882,0.026646,0.008882
50,3209.25,0.67948,0.59877,0.20401,0.3399,0.33439,0.25638,0.13334,0.67764,0.70169,0.2991,0.0265106,0.00883687,0.0265106,0.00883687,0.0265106,0.00883687,0.0265106,0.00883687
51,3273.21,0.66376,0.5896,0.20088,0.33739,0.31263,0.24729,0.13002,0.68976,0.70906,0.30664,0.0263729,0.00879096,0.0263729,0.00879096,0.0263729,0.00879096,0.0263729,0.00879096
52,3336.74,0.66489,0.5958,0.20126,0.34609,0.31978,0.2575,0.13427,0.70598,0.69023,0.31314,0.0262329,0.00874429,0.0262329,0.00874429,0.0262329,0.00874429,0.0262329,0.00874429
53,3400.51,0.67787,0.59143,0.20443,0.34164,0.33272,0.25456,0.13338,0.68914,0.69375,0.30384,0.0260906,0.00869687,0.0260906,0.00869687,0.0260906,0.00869687,0.0260906,0.00869687
54,3463.98,0.67764,0.58994,0.2026,0.3422,0.33917,0.26576,0.14256,0.67412,0.69026,0.29966,0.0259461,0.0086487,0.0259461,0.0086487,0.0259461,0.0086487,0.0259461,0.0086487
55,3527.66,0.66173,0.58877,0.20006,0.33895,0.3479,0.2604,0.13925,0.67606,0.7049,0.3007,0.0257994,0.0085998,0.0257994,0.0085998,0.0257994,0.0085998,0.0257994,0.0085998
56,3590.93,0.65317,0.58539,0.19558,0.34773,0.34641,0.2722,0.1421,0.71238,0.67432,0.31466,0.0256505,0.00855018,0.0256505,0.00855018,0.0256505,0.00855018,0.0256505,0.00855018
57,3655.12,0.65819,0.5877,0.20112,0.35795,0.33797,0.26502,0.14185,0.67196,0.69523,0.30423,0.0254995,0.00849984,0.0254995,0.00849984,0.0254995,0.00849984,0.0254995,0.00849984
58,3719.03,0.65824,0.58466,0.19534,0.34133,0.35057,0.26225,0.13867,0.69964,0.68106,0.31321,0.0253464,0.0084488,0.0253464,0.0084488,0.0253464,0.0084488,0.0253464,0.0084488
59,3783.04,0.6512,0.58411,0.19798,0.34932,0.34042,0.26714,0.1412,0.68686,0.69468,0.30275,0.0251912,0.00839707,0.0251912,0.00839707,0.0251912,0.00839707,0.0251912,0.00839707
60,3847.21,0.66341,0.58469,0.19472,0.35408,0.32756,0.27068,0.14481,0.67828,0.7056,0.30223,0.0250339,0.00834465,0.0250339,0.00834465,0.0250339,0.00834465,0.0250339,0.00834465
61,3912.47,0.64893,0.57975,0.19431,0.36797,0.30065,0.26369,0.14062,0.68919,0.69623,0.30984,0.0248747,0.00829156,0.0248747,0.00829156,0.0248747,0.00829156,0.0248747,0.00829156
62,3976.58,0.65439,0.57861,0.19292,0.3626,0.33159,0.26308,0.13824,0.70112,0.68787,0.31139,0.0247134,0.00823781,0.0247134,0.00823781,0.0247134,0.00823781,0.0247134,0.00823781
63,4040.35,0.64097,0.5846,0.19041,0.36072,0.31256,0.25747,0.13627,0.70606,0.70478,0.31692,0.0245502,0.00818341,0.0245502,0.00818341,0.0245502,0.00818341,0.0245502,0.00818341
64,4104.3,0.63651,0.57595,0.19053,0.33514,0.34689,0.26794,0.14265,0.6921,0.68667,0.31077,0.0243851,0.00812837,0.0243851,0.00812837,0.0243851,0.00812837,0.0243851,0.00812837
65,4168.37,0.63553,0.57667,0.18916,0.34195,0.3305,0.25576,0.13236,0.70418,0.70831,0.32031,0.0242181,0.00807271,0.0242181,0.00807271,0.0242181,0.00807271,0.0242181,0.00807271
66,4232.47,0.63053,0.58119,0.19119,0.34358,0.33727,0.26755,0.13839,0.69212,0.70756,0.31287,0.0240493,0.00801642,0.0240493,0.00801642,0.0240493,0.00801642,0.0240493,0.00801642
67,4296.71,0.62823,0.57265,0.19219,0.38673,0.29545,0.25819,0.13633,0.69972,0.71383,0.32107,0.0238786,0.00795954,0.0238786,0.00795954,0.0238786,0.00795954,0.0238786,0.00795954
68,4360.8,0.6231,0.57543,0.18547,0.36474,0.32111,0.26148,0.13786,0.69437,0.69142,0.31523,0.0237062,0.00790206,0.0237062,0.00790206,0.0237062,0.00790206,0.0237062,0.00790206
69,4425.03,0.63354,0.57365,0.18769,0.38674,0.32011,0.26092,0.13666,0.70591,0.69738,0.32293,0.023532,0.00784399,0.023532,0.00784399,0.023532,0.00784399,0.023532,0.00784399
70,4488.99,0.63528,0.56978,0.18764,0.33766,0.33022,0.25862,0.1354,0.71404,0.70258,0.32448,0.0233561,0.00778536,0.0233561,0.00778536,0.0233561,0.00778536,0.0233561,0.00778536
71,4553.23,0.62652,0.56935,0.18482,0.35668,0.32925,0.26333,0.13894,0.70949,0.70363,0.32317,0.0231785,0.00772617,0.0231785,0.00772617,0.0231785,0.00772617,0.0231785,0.00772617
72,4617.43,0.61651,0.57138,0.18572,0.35426,0.31409,0.25574,0.13392,0.71342,0.70999,0.32126,0.0229993,0.00766644,0.0229993,0.00766644,0.0229993,0.00766644,0.0229993,0.00766644
73,4681.69,0.6181,0.56399,0.18235,0.32681,0.32128,0.24657,0.12877,0.7219,0.70457,0.32815,0.0228185,0.00760617,0.0228185,0.00760617,0.0228185,0.00760617,0.0228185,0.00760617
74,4745.99,0.61057,0.56404,0.18177,0.36434,0.30963,0.26275,0.13952,0.71767,0.71691,0.32427,0.0226361,0.00754538,0.0226361,0.00754538,0.0226361,0.00754538,0.0226361,0.00754538
75,4810.06,0.61261,0.56905,0.18069,0.38869,0.31805,0.26231,0.13939,0.70368,0.71871,0.31556,0.0224522,0.00748408,0.0224522,0.00748408,0.0224522,0.00748408,0.0224522,0.00748408
76,4874.26,0.60961,0.56124,0.18012,0.36615,0.33196,0.26503,0.13832,0.7143,0.71631,0.32626,0.0222668,0.00742228,0.0222668,0.00742228,0.0222668,0.00742228,0.0222668,0.00742228
77,4938.75,0.60213,0.56523,0.17838,0.35591,0.31815,0.26258,0.13904,0.7142,0.71087,0.32395,0.02208,0.00736,0.02208,0.00736,0.02208,0.00736,0.02208,0.00736
78,5002.99,0.61589,0.55598,0.17857,0.34285,0.31911,0.25042,0.13125,0.71686,0.73216,0.32662,0.0218918,0.00729725,0.0218918,0.00729725,0.0218918,0.00729725,0.0218918,0.00729725
